S/T code,S/T name,LGA code,LGA name,0-4,5–9,10–14,15–19,20–24,25–29,30–34,35–39,40–44,45–49,50–54,55–59,60–64,65–69,70–74,75–79,80–84,85 and over,Total Persons
1,New South Wales,10050,Albury (C),3689,3454,3313,3308,3848,3612,3336,3272,3235,3430,3111,3454,3105,2812,2425,1774,1243,1346,53767
1,New South Wales,10130,Armidale Regional (A),1802,1841,1861,2685,3183,1893,1844,1616,1560,1786,1796,1962,1732,1464,1318,1011,652,701,30707
1,New South Wales,10250,Ballina (A),2218,2636,2606,2655,1880,1771,2114,2348,2474,2943,2898,3271,3202,3245,2749,1936,1442,1820,44208
1,New South Wales,10300,Balranald (A),165,154,168,131,165,129,117,143,127,132,128,191,183,148,82,76,51,50,2340
1,New South Wales,10470,Bathurst Regional (A),2711,2887,2931,3124,3367,3019,2670,2510,2527,2814,2584,2668,2370,2191,1802,1231,858,942,43206
1,New South Wales,10500,Bayside (A),10836,8960,7873,8687,13994,18698,18171,14175,11304,10800,9337,9027,7846,6991,5868,4442,3539,3830,174378
1,New South Wales,10550,Bega Valley (A),1647,1895,2007,1889,1285,1326,1435,1493,1653,2122,2359,3033,3147,2909,2458,1650,1051,989,34348
1,New South Wales,10600,Bellingen (A),620,840,864,757,382,493,539,646,689,901,910,1057,1186,976,796,583,385,339,12963
1,New South Wales,10650,Berrigan (A),444,498,535,422,333,423,415,412,446,503,472,579,667,790,669,467,318,314,8707
1,New South Wales,10750,Blacktown (C),30041,28638,25037,24253,26029,27292,30976,30769,25623,23415,20711,19291,16462,13521,10296,6309,4159,3712,366534
1,New South Wales,10800,Bland (A),348,430,438,348,309,275,304,332,358,343,347,451,416,356,300,241,175,214,5985
1,New South Wales,10850,Blayney (A),454,557,521,503,341,373,366,378,414,523,493,555,501,448,356,238,156,165,7342
1,New South Wales,10900,Blue Mountains (C),4385,5076,5194,5067,4154,3346,4052,4544,5155,5889,5169,5866,5616,5366,4453,2612,1720,1596,79260
1,New South Wales,10950,Bogan (A),199,184,152,133,171,206,134,107,155,202,169,186,125,126,132,115,71,54,2621
1,New South Wales,11150,Bourke (A),224,226,191,139,126,191,180,144,135,210,202,167,158,115,76,66,35,45,2630
1,New South Wales,11200,Brewarrina (A),115,131,145,102,97,158,111,90,63,125,139,130,79,72,40,28,18,12,1655
1,New South Wales,11250,Broken Hill (C),1013,1036,985,946,958,1182,1084,931,845,1089,1172,1351,1197,1152,951,718,550,574,17734
1,New South Wales,11300,Burwood (A),1784,1718,1594,2136,4992,5431,3729,2540,2068,2223,2116,2092,1887,1443,1226,956,887,1064,39886
1,New South Wales,11350,Byron (A),1883,1962,2026,1755,1353,1943,2195,2227,2508,2691,2424,2706,2861,2306,1671,859,563,641,34574
1,New South Wales,11400,Cabonne (A),785,1023,1129,974,560,538,591,763,808,991,895,1030,845,826,759,509,328,326,13680
1,New South Wales,11450,Camden (A),8296,7753,6911,6397,6283,7210,8065,7315,6799,6251,5140,4642,3900,3231,2497,1511,1017,941,94159
1,New South Wales,11500,Campbelltown (C) (NSW),12988,12528,11359,11051,12339,12735,13207,12547,10710,9862,9733,9972,8846,7532,5711,3276,2019,1724,168139
1,New South Wales,11520,Canada Bay (A),5883,4994,4419,4256,7125,9324,8985,7664,6490,6296,5592,5381,4597,4069,3483,2453,1872,2276,95159
1,New South Wales,11570,Canterbury-Bankstown (A),27650,25521,23150,22895,27755,30762,29782,26427,23435,23109,21887,21406,18541,14680,12396,9181,7282,8072,373931
1,New South Wales,11600,Carrathool (A),198,183,204,132,147,228,172,160,183,194,197,209,187,128,89,74,61,56,2802
1,New South Wales,11650,Central Coast (C) (NSW),20887,21927,21886,20639,20016,18957,19465,20012,20471,22954,21266,22649,20877,19190,18275,13181,9143,10252,342047
1,New South Wales,11700,Central Darling (A),146,138,92,117,112,134,121,133,94,110,119,121,122,92,86,53,24,23,1837
1,New South Wales,11720,Cessnock (C),4206,4225,4071,3601,3733,4074,4043,3795,3460,3791,3331,3820,3522,3162,2620,1548,1060,1039,59101
1,New South Wales,11730,Clarence Valley (A),2641,3001,3094,3054,2163,2126,2282,2347,2647,3235,3387,4121,4170,4036,3522,2415,1752,1654,51647
1,New South Wales,11750,Cobar (A),369,368,323,259,230,366,383,309,291,271,309,343,272,211,155,106,90,67,4722
1,New South Wales,11800,Coffs Harbour (C),4433,5074,4912,4728,3848,4148,4152,4187,4373,4869,4780,5527,5342,4989,4140,2914,2024,2111,76551
1,New South Wales,12000,Coolamon (A),256,284,348,301,188,223,186,204,271,276,304,290,259,269,254,194,128,133,4368
1,New South Wales,12150,Coonamble (A),359,257,282,230,188,228,239,209,185,269,279,291,275,217,214,130,81,81,4014
1,New South Wales,12160,Cootamundra-Gundagai Regional (A),596,685,792,649,512,493,512,564,559,696,688,822,799,826,695,607,359,406,11260
1,New South Wales,12350,Cowra (A),737,772,819,728,696,642,568,600,664,771,843,898,902,916,798,595,415,403,12767
1,New South Wales,12380,Cumberland (A),18868,16195,13424,12735,19250,24462,23661,19464,14894,12949,12437,11852,10419,8095,6640,4739,3288,3521,236893
1,New South Wales,12390,Dubbo Regional (A),4035,3873,3507,3203,3441,3980,3680,3200,3016,3262,3121,3403,2944,2553,2139,1642,1077,1164,53240
1,New South Wales,12700,Dungog (A),525,625,626,624,429,346,479,510,533,634,663,768,701,645,480,346,239,173,9346
1,New South Wales,12730,Edward River (A),538,543,549,510,496,537,453,449,453,598,523,656,669,604,466,355,334,262,8995
1,New South Wales,12750,Eurobodalla (A),1642,1933,2070,1962,1311,1317,1370,1572,1834,2243,2410,3277,3613,3684,3211,2133,1347,1359,38288
1,New South Wales,12850,Fairfield (C),12943,13306,13619,14603,16908,16323,13921,12855,12722,13940,13491,13795,12236,9800,7121,5396,3733,3900,210612
1,New South Wales,12870,Federation (A),597,787,731,679,561,552,469,603,562,745,785,928,956,1018,921,667,478,423,12462
1,New South Wales,12900,Forbes (A),671,704,674,701,551,517,500,538,485,582,597,650,578,636,523,393,360,250,9910
1,New South Wales,12930,Georges River (A),9072,8750,8261,9390,13283,14935,12824,11003,9484,9888,9612,9457,8396,6744,5788,4272,3287,3965,158411
1,New South Wales,12950,Gilgandra (A),245,318,271,264,184,224,182,206,219,219,285,315,311,266,267,217,124,109,4226
1,New South Wales,13010,Glen Innes Severn (A),450,551,567,491,361,417,440,444,454,551,519,694,683,665,606,447,285,283,8908
1,New South Wales,13310,Goulburn Mulwaree (A),1809,1952,1908,1803,1783,1983,1922,1783,1748,2160,1934,2099,1936,1874,1572,1112,707,767,30852
1,New South Wales,13340,Greater Hume Shire (A),645,850,846,751,399,346,536,548,559,687,709,853,789,727,564,401,227,249,10686
1,New South Wales,13450,Griffith (C),1957,1871,1842,1680,1695,2105,1881,1627,1512,1633,1645,1684,1471,1189,960,711,664,755,26882
1,New South Wales,13550,Gunnedah (A),942,969,817,710,706,869,845,714,671,751,771,846,777,623,553,442,366,289,12661
1,New South Wales,13660,Gwydir (A),350,347,351,261,235,219,246,243,275,327,348,420,374,385,380,272,170,146,5349
1,New South Wales,13800,Hawkesbury (C),4370,4504,4473,4585,4788,4772,4118,4029,4037,5024,4655,4368,3641,3212,2633,1783,1124,967,67083
1,New South Wales,13850,Hay (A),172,176,212,164,163,161,152,131,141,182,230,269,202,173,158,140,99,54,2979
1,New South Wales,13910,Hilltops (A),1180,1297,1284,1215,901,909,816,986,1019,1147,1196,1319,1243,1336,1114,810,506,504,18782
1,New South Wales,14000,Hornsby (A),8792,10648,10120,10340,9634,7533,8390,10627,11263,11481,10016,9722,8239,6751,5992,4219,3187,3798,150752
1,New South Wales,14100,Hunters Hill (A),724,944,1160,1316,816,707,654,770,926,1136,985,904,788,804,726,520,351,678,14909
1,New South Wales,14170,Inner West (A),11470,10081,8319,7879,14689,21705,20497,17745,15139,14581,11957,11090,8837,7540,6051,3998,3130,3316,198024
1,New South Wales,14200,Inverell (A),1071,1198,1203,1140,895,941,900,786,914,1080,967,1194,1075,979,914,673,509,405,16844
1,New South Wales,14300,Junee (A),392,400,391,332,422,508,516,479,437,457,402,450,420,322,304,191,95,113,6631
1,New South Wales,14350,Kempsey (A),1708,1803,1765,1714,1366,1408,1493,1345,1492,1754,1951,2284,2482,2316,1898,1225,810,851,29665
1,New South Wales,14400,Kiama (A),1244,1340,1401,1332,1255,1002,1101,1168,1327,1441,1431,1664,1843,1660,1476,968,623,730,23006
1,New South Wales,14500,Ku-ring-gai (A),6415,9129,9788,10109,7686,5307,5308,7557,8643,10086,8973,8096,6387,5681,5291,4071,3228,4291,126046
1,New South Wales,14550,Kyogle (A),359,563,544,527,290,271,307,431,448,571,734,836,870,737,550,359,233,240,8870
1,New South Wales,14600,Lachlan (A),478,523,411,338,285,383,390,327,321,309,345,424,402,334,303,217,185,176,6151
1,New South Wales,14650,Lake Macquarie (C),12916,13150,12719,12564,11894,11084,12082,12056,12154,13657,12710,13616,12711,12023,10965,7475,5451,5687,204914
1,New South Wales,14700,Lane Cove (A),2761,2419,2171,2156,2128,3215,3973,3557,2949,2664,2275,2074,1852,1469,1391,927,632,873,39486
1,New South Wales,14750,Leeton (A),764,768,899,1011,598,693,629,540,633,732,684,830,657,545,515,399,286,255,11438
1,New South Wales,14850,Lismore (C),2309,2699,2946,2812,2552,2252,2221,2514,2614,2945,3047,3478,3260,2781,1942,1414,965,1092,43843
1,New South Wales,14870,Lithgow (C),1204,1263,1281,1244,1137,1178,1170,1072,1224,1416,1425,1667,1487,1502,1316,905,557,588,21636
1,New South Wales,14900,Liverpool (C),17541,16883,16273,15820,16366,16691,17148,16738,15049,14969,13389,12655,10148,8030,6107,4240,2844,2413,223304
1,New South Wales,14920,Liverpool Plains (A),477,534,508,488,313,342,430,387,417,525,481,597,624,524,487,343,245,171,7893
1,New South Wales,14950,Lockhart (A),248,247,218,203,132,143,152,161,158,197,213,273,236,223,165,123,92,111,3295
1,New South Wales,15050,Maitland (C),6119,6408,5857,5211,5208,6201,5972,5327,5279,5606,4860,4960,4337,3824,3238,2077,1360,1359,83203
1,New South Wales,15240,Mid-Coast (A),4365,5038,5310,5019,3589,3534,3703,3844,4427,5423,5751,7152,7805,8229,7764,5356,3462,3517,93288
1,New South Wales,15270,Mid-Western Regional (A),1749,1808,1690,1422,1187,1330,1490,1440,1427,1676,1652,1823,1574,1430,1325,967,586,510,25086
1,New South Wales,15300,Moree Plains (A),1065,1074,927,751,801,900,870,769,765,869,922,920,717,663,544,379,227,187,13350
1,New South Wales,15350,Mosman (A),1595,1868,1927,1758,1485,1653,2037,2160,2143,2324,2238,2063,1615,1591,1644,1079,728,969,30877
1,New South Wales,15520,Murray River (A),668,792,732,662,473,482,558,619,644,728,750,933,914,884,913,614,383,369,12118
1,New South Wales,15560,Murrumbidgee (A),244,285,311,267,247,231,204,197,215,251,258,309,239,218,186,130,95,74,3961
1,New South Wales,15650,Muswellbrook (A),1267,1250,1220,1039,966,1113,1176,1091,997,1139,1104,1020,858,714,576,396,253,204,16383
1,New South Wales,15700,Nambucca (A),1039,1093,1222,1114,736,809,767,802,913,1146,1256,1736,1672,1664,1492,953,662,697,19773
1,New South Wales,15750,Narrabri (A),970,1072,946,762,663,751,810,721,739,790,850,1032,802,726,600,459,300,238,13231
1,New South Wales,15800,Narrandera (A),415,438,397,299,299,307,289,295,341,341,347,499,408,366,316,231,159,184,5931
1,New South Wales,15850,Narromine (A),485,497,481,397,321,316,379,360,321,396,357,473,449,387,334,243,196,175,6567
1,New South Wales,15900,Newcastle (C),9641,9735,8763,9435,15064,14291,12218,10827,9937,10685,9608,10040,8897,7280,6124,4334,3292,3933,164104
1,New South Wales,15950,North Sydney (A),4350,2982,2356,2143,3659,8315,9525,7653,5619,4783,4133,4081,3736,3442,2963,1993,1170,1269,74172
1,New South Wales,15990,Northern Beaches (A),16507,18367,17823,16041,14834,15729,17426,19132,20245,21160,18385,16687,13995,12291,11483,8321,5851,7001,271278
1,New South Wales,16100,Oberon (A),312,306,320,364,335,286,257,256,258,379,412,371,362,415,355,202,124,94,5408
1,New South Wales,16150,Orange (C),3220,3075,2818,2673,2513,2932,2963,2667,2565,2615,2416,2455,2198,2033,1759,1240,979,935,42056
1,New South Wales,16200,Parkes (A),967,1087,1033,999,884,812,837,807,771,891,906,1013,1011,852,684,516,401,423,14894
1,New South Wales,16260,Parramatta (C),18437,16215,12370,12025,16740,23846,27731,24173,17273,14968,13119,12910,11264,9069,7620,5386,3935,4230,251311
1,New South Wales,16350,Penrith (C),15918,15214,13749,13275,15266,17122,16858,15475,13759,13592,11926,12056,10581,8885,6652,4065,2528,2289,209210
1,New South Wales,16380,Port Macquarie-Hastings (A),3935,5082,5190,4728,3350,3764,3697,4078,4365,5287,4958,5915,5869,6152,6043,4441,3027,3250,83131
1,New South Wales,16400,Port Stephens (A),4001,4535,4649,4250,3727,3567,3692,3777,4093,4673,4661,5182,4932,5069,4848,3234,2004,1801,72695
1,New South Wales,16490,Queanbeyan-Palerang Regional (A),4199,3993,3831,3641,3475,4120,4348,4072,4225,4725,4539,4108,3335,2658,1964,1308,786,632,59959
1,New South Wales,16550,Randwick (C),8214,7572,6667,8710,17919,17196,13699,12157,9920,9472,8245,7630,6561,5696,5075,3668,2731,3133,154265
1,New South Wales,16610,Richmond Valley (A),1478,1570,1525,1536,1227,1099,1066,1067,1245,1459,1480,1692,1633,1598,1381,968,711,664,23399
1,New South Wales,16700,Ryde (C),7705,7098,5940,6391,11141,12440,12090,10680,8386,7622,7162,6748,6174,5149,4038,3051,2483,3148,127446
1,New South Wales,16900,Shellharbour (C),4673,4970,4868,4878,4672,4348,4629,4407,4422,4910,4470,4826,4130,3658,3169,2270,1502,1438,72240
1,New South Wales,16950,Shoalhaven (C),5669,6057,6041,5573,5028,5150,5089,5182,5379,6102,6150,7633,7970,8148,7474,5028,3478,3220,104371
1,New South Wales,17000,Singleton (A),1622,1756,1703,1583,1322,1500,1578,1463,1521,1691,1627,1596,1326,1075,845,536,337,341,23422
1,New South Wales,17040,Snowy Monaro Regional (A),1034,1197,1398,1145,1125,1236,1254,1116,1295,1555,1432,1592,1379,1284,1051,727,478,435,20733
1,New South Wales,17080,Snowy Valleys (A),885,985,937,783,602,728,800,799,836,910,906,1065,1089,998,851,600,381,377,14532
1,New South Wales,17100,Strathfield (A),2574,2227,2025,2434,4674,6034,4953,3403,2494,2385,2364,2252,1992,1533,1193,951,760,895,45143
1,New South Wales,17150,Sutherland Shire (A),14315,14955,14449,13852,14091,14295,14369,14897,15609,16615,14606,14986,13295,11280,9888,6723,4988,6000,229213
1,New South Wales,17200,Sydney (C),8836,4678,3410,8146,34840,45037,35720,22880,14915,12730,10537,9981,8433,6834,5469,3351,2252,2180,240229
1,New South Wales,17310,Tamworth Regional (A),4103,4427,4394,4065,3334,4098,3960,3661,3444,3896,3695,3928,3695,3413,2896,2155,1511,1481,62156
1,New South Wales,17350,Temora (A),402,428,402,375,269,295,321,284,306,360,440,468,418,428,396,278,211,193,6274
1,New South Wales,17400,Tenterfield (A),299,374,381,351,202,214,200,282,347,407,414,609,666,647,570,305,204,166,6638
1,New South Wales,17420,The Hills Shire (A),10609,13367,12851,12245,11800,9171,9506,12655,12981,13236,11045,10511,9097,8053,6679,4062,2588,2017,172473
1,New South Wales,17550,Tweed (A),5131,5757,5688,5418,4490,4103,4666,5134,5508,6265,5874,7095,7045,6695,5886,4444,3324,3585,96108
1,New South Wales,17620,Upper Hunter Shire (A),845,994,1122,850,665,762,910,830,867,959,897,992,901,797,660,456,362,351,14220
1,New South Wales,17640,Upper Lachlan Shire (A),462,496,487,488,343,328,316,384,436,536,578,658,579,580,465,387,214,224,7961
1,New South Wales,17650,Uralla (A),303,368,477,408,244,251,242,289,348,438,436,510,491,410,367,257,108,115,6062
1,New South Wales,17750,Wagga Wagga (C),4572,4530,4258,4490,5162,4950,4470,3959,3715,3974,3598,3861,3472,2942,2397,1820,1278,1372,64820
1,New South Wales,17850,Walcha (A),180,181,187,169,122,163,142,146,146,208,201,234,234,242,212,183,97,85,3132
1,New South Wales,17900,Walgett (A),404,430,459,249,247,387,336,332,304,404,394,485,452,396,332,245,122,73,6051
1,New South Wales,17950,Warren (A),201,211,199,140,101,175,155,146,145,161,156,223,163,179,149,114,72,55,2745
1,New South Wales,18020,Warrumbungle Shire (A),517,580,653,596,344,323,391,376,507,597,619,694,719,697,686,451,329,320,9399
1,New South Wales,18050,Waverley (A),4598,3899,3328,2841,4253,8455,9349,7048,5401,4979,4003,3481,2958,2751,2367,1546,1217,1640,74114
1,New South Wales,18100,Weddin (A),179,215,223,182,125,134,132,183,184,206,268,278,305,299,270,191,135,127,3636
1,New South Wales,18200,Wentworth (A),476,465,468,419,305,341,347,354,386,455,455,558,530,461,429,273,172,148,7042
1,New South Wales,18250,Willoughby (C),5123,5666,4871,4267,5053,5900,6372,7046,6325,5783,4831,4311,3763,3299,2744,1780,1376,1829,80339
1,New South Wales,18350,Wingecarribee (A),2573,3063,3315,3455,2204,2138,2244,2397,2788,3359,3264,3495,3334,3524,3657,2628,1604,1451,50493
1,New South Wales,18400,Wollondilly (A),3658,3940,3891,3663,3354,3153,3320,3297,3460,3799,3314,3373,2871,2492,1986,1210,797,652,52230
1,New South Wales,18450,Wollongong (C),12993,13275,12632,13248,18016,15957,13942,13465,13266,14128,12844,13509,11814,10253,9094,6815,5380,5440,216071
1,New South Wales,18500,Woollahra (A),3044,3000,3002,2949,3452,5519,5189,4290,3762,3981,3540,3433,3018,2829,2940,1948,1351,1717,58964
1,New South Wales,18710,Yass Valley (A),1036,1245,1312,1106,815,749,819,963,1159,1421,1218,1192,1096,945,777,504,308,288,16953
1,New South Wales,19399,Unincorporated NSW,69,82,53,16,31,102,67,96,62,73,62,126,65,54,43,39,20,20,1080
2,Victoria,20110,Alpine (S),570,679,835,701,467,541,534,654,738,940,873,1093,1065,909,860,534,374,363,12730
2,Victoria,20260,Ararat (RC),598,624,702,593,554,650,631,682,725,775,801,904,876,840,651,518,322,349,11795
2,Victoria,20570,Ballarat (C),6871,7199,6790,6661,8292,7692,6901,6605,6335,6763,6330,6522,6012,5580,4707,3284,2331,2450,107325
2,Victoria,20660,Banyule (C),8270,8277,7486,7045,8315,8943,9058,9332,9092,8969,8001,7732,7200,6441,5666,4113,2928,3369,130237
2,Victoria,20740,Bass Coast (S),1885,2002,1989,1673,1256,1560,1761,1725,1837,2165,2232,2678,2925,3007,2697,1701,1056,1178,35327
2,Victoria,20830,Baw Baw (S),3279,3597,3394,3119,2906,2918,3158,2856,2904,3323,3280,3658,3352,3277,2766,1947,1203,1078,52015
2,Victoria,20910,Bayside (C),5291,6882,7617,6923,5913,4639,4660,5960,7070,8922,7864,7526,6349,5554,5064,3288,2456,3740,105718
2,Victoria,21010,Benalla (RC),714,757,790,819,667,608,698,621,677,827,957,1150,1099,1113,904,704,447,472,14024
2,Victoria,21110,Boroondara (C),8048,10509,11912,13105,15302,14436,11779,10724,11093,13019,12021,11194,9429,8076,7178,4923,3697,4844,181289
2,Victoria,21180,Brimbank (C),14151,12635,11760,12574,16687,18285,16826,14686,12853,13397,12623,12167,11125,9596,7764,4982,3517,3086,208714
2,Victoria,21270,Buloke (S),295,330,407,352,211,226,255,246,295,405,445,497,508,489,381,313,231,298,6184
2,Victoria,21370,Campaspe (S),2114,2387,2364,2263,1979,1901,1788,1788,2081,2359,2555,2787,2609,2460,2180,1663,1146,1168,37592
2,Victoria,21450,Cardinia (S),8796,8508,7573,6842,6934,8124,8660,7629,7096,7336,6305,5815,4890,4187,3571,2260,1352,1242,107120
2,Victoria,21610,Casey (C),27308,26852,23789,22451,24976,25263,28067,27406,23454,22914,20034,18320,14961,11738,9073,6049,3962,3802,340419
2,Victoria,21670,Central Goldfields (S),618,748,749,724,662,558,526,531,659,810,853,995,1030,1077,1002,724,495,448,13209
2,Victoria,21750,Colac-Otway (S),1253,1361,1295,1229,1114,1186,1106,1158,1142,1423,1371,1545,1615,1453,1186,882,582,602,21503
2,Victoria,21830,Corangamite (S),834,1018,1054,1027,826,754,675,740,834,1038,1224,1265,1129,1140,943,670,520,449,16140
2,Victoria,21890,Darebin (C),9453,8442,7423,7331,13293,16500,16448,13507,11396,11148,9235,8425,6816,5539,4839,4179,3625,4010,161609
2,Victoria,22110,East Gippsland (S),2446,2587,2642,2420,1903,2017,2169,2145,2192,2755,2904,3524,3787,4155,3703,2524,1534,1411,46818
2,Victoria,22170,Frankston (C),9664,8866,8320,7953,8998,9787,10608,10040,9336,10187,9153,9138,7747,6637,5806,3957,2748,2900,141845
2,Victoria,22250,Gannawarra (S),555,590,593,612,424,461,467,469,506,633,718,779,784,861,754,601,379,361,10547
2,Victoria,22310,Glen Eira (C),9139,9616,9116,8539,11591,12964,12573,11292,10291,10771,9182,8595,7463,6378,5444,3567,3081,4256,153858
2,Victoria,22410,Glenelg (S),993,1003,1158,1257,949,781,871,913,1125,1286,1522,1656,1582,1507,1131,830,539,562,19665
2,Victoria,22490,Golden Plains (S),1509,1807,1917,1646,1132,1064,1286,1461,1656,1849,1639,1553,1445,1253,929,511,256,207,23120
2,Victoria,22620,Greater Bendigo (C),7418,7818,7337,7434,8118,7899,7403,6808,6800,7307,6897,7520,6819,6350,5160,3711,2561,2685,116045
2,Victoria,22670,Greater Dandenong (C),11626,9581,8854,9724,13779,15104,15088,12733,9970,9816,9145,8677,8129,7019,6075,4248,3263,3263,166094
2,Victoria,22750,Greater Geelong (C),15784,15613,14786,15216,18001,17650,16759,15601,15400,16260,15200,15377,14703,13631,11682,8105,5932,6517,252217
2,Victoria,22830,Greater Shepparton (C),4436,4554,4383,4433,3835,4220,4117,3931,3864,4334,4111,4306,3851,3562,2917,2083,1524,1546,66007
2,Victoria,22910,Hepburn (S),726,887,861,755,576,587,649,813,843,1215,1118,1384,1397,1372,1049,699,394,487,15812
2,Victoria,22980,Hindmarsh (S),281,306,289,342,206,278,239,253,249,368,365,459,437,437,362,274,194,306,5645
2,Victoria,23110,Hobsons Bay (C),6588,6224,5208,4844,5690,6883,7723,7567,6953,6961,6268,6104,5074,4166,3439,2495,1983,2300,96470
2,Victoria,23190,Horsham (RC),1250,1335,1262,1177,1205,1248,1182,1016,1144,1190,1252,1370,1257,1131,917,725,544,670,19875
2,Victoria,23270,Hume (C),18178,17059,15259,14821,16994,18545,19012,16988,14307,14349,13568,12297,9870,7999,6309,4027,2605,2207,224394
2,Victoria,23350,Indigo (S),832,1008,1123,1036,633,621,728,839,1091,1244,1205,1391,1344,1135,1002,562,362,334,16490
2,Victoria,23430,Kingston (C) (Vic.),9815,9997,9187,8834,10384,10729,11533,11906,11615,12343,10680,9969,8790,7715,6765,5001,3825,4343,163431
2,Victoria,23670,Knox (C),9689,9829,9262,10163,11488,11136,11664,11254,10543,11418,10889,10833,9539,8154,6460,4507,3154,3221,163203
2,Victoria,23810,Latrobe (C) (Vic.),4670,4617,4495,4446,4890,5102,4830,4269,4122,4717,4770,5325,4928,4453,3514,2567,1719,1777,75211
2,Victoria,23940,Loddon (S),344,412,438,420,228,237,253,332,375,482,553,718,630,637,534,366,266,288,7513
2,Victoria,24130,Macedon Ranges (S),3173,3680,3631,3141,2483,1959,2404,3064,3573,4004,3559,3402,3073,2849,2381,1423,822,767,49388
2,Victoria,24210,Manningham (C),6213,7315,7288,7886,8417,7756,7155,7650,7716,8689,8358,8098,7172,6347,6163,5274,4028,3983,125508
2,Victoria,24250,Mansfield (S),412,567,624,564,318,361,396,474,500,568,568,683,747,718,666,409,224,180,8979
2,Victoria,24330,Maribyrnong (C),6079,4715,3566,3616,8013,11224,10907,8771,6800,5876,4869,4475,3614,2823,2051,1450,1153,1385,91387
2,Victoria,24410,Maroondah (C),7834,7486,6893,6769,7396,7979,9029,8682,7939,8176,7418,7097,6180,5371,4773,3342,2454,2680,117498
2,Victoria,24600,Melbourne (C),5077,3044,2311,11551,38263,34121,22383,12550,7549,6194,5501,5350,4685,3895,3132,1856,1124,1375,169961
2,Victoria,24650,Melton (C),13119,13536,11928,10022,10484,11897,13439,13421,12162,10867,8541,7258,6409,5404,3777,2134,1288,1027,156713
2,Victoria,24780,Mildura (RC),3642,3567,3500,3559,3446,3943,3430,3015,3157,3588,3392,3629,3474,3092,2477,1851,1328,1425,55515
2,Victoria,24850,Mitchell (S),3075,3243,2946,2999,2772,2902,3088,2828,2756,3107,2912,2837,2533,2162,1721,1123,651,644,44299
2,Victoria,24900,Moira (S),1674,1791,1852,1750,1480,1467,1454,1349,1502,1819,1894,2180,2153,2203,1961,1390,977,903,29799
2,Victoria,24970,Monash (C),9720,11093,10540,12833,23036,17434,13811,13238,12302,12740,11305,10207,9072,8097,7518,6522,5110,5499,200077
2,Victoria,25060,Moonee Valley (C),7277,7167,6900,6880,9023,10686,10709,9526,8513,9157,7968,7508,6411,5482,4708,3732,3005,3231,127883
2,Victoria,25150,Moorabool (S),2162,2471,2336,2138,1937,1853,2115,2265,2251,2542,2365,2340,2002,1882,1565,915,520,499,34158
2,Victoria,25250,Moreland (C),11747,9549,7903,7574,14775,20696,20612,16659,12513,11158,9369,8661,7103,5645,4947,4262,4090,4462,181725
2,Victoria,25340,Mornington Peninsula (S),8580,10155,10176,9560,8683,7457,7803,8637,9867,11747,10643,11085,10947,11151,10861,7734,5397,5339,165822
2,Victoria,25430,Mount Alexander (S),871,995,1102,959,776,835,856,988,1191,1403,1476,1621,1602,1594,1282,845,530,588,19514
2,Victoria,25490,Moyne (S),983,1231,1275,1053,764,816,841,892,992,1176,1149,1276,1227,1112,868,534,346,352,16887
2,Victoria,25620,Murrindindi (S),680,826,844,703,684,633,673,740,865,993,987,1249,1257,1130,1027,562,333,292,14478
2,Victoria,25710,Nillumbik (S),3488,4492,4757,4749,4551,3279,2950,3619,4631,5261,4966,4905,4257,3452,2544,1485,829,726,64941
2,Victoria,25810,Northern Grampians (S),579,551,635,703,497,590,602,484,591,736,817,920,869,917,702,538,355,345,11431
2,Victoria,25900,Port Phillip (C),5425,4296,3633,3305,7487,14304,15030,11086,8479,8024,6893,6520,5248,4524,3676,2221,1502,1547,113200
2,Victoria,25990,Pyrenees (S),330,436,406,396,220,236,339,360,421,496,549,623,675,659,549,297,192,169,7353
2,Victoria,26080,Queenscliffe (B),101,122,119,143,108,50,90,89,124,149,193,196,288,311,320,226,171,182,2982
2,Victoria,26170,South Gippsland (S),1614,1896,1862,1670,1198,1259,1496,1447,1553,1985,2014,2311,2220,2304,1910,1244,783,810,29576
2,Victoria,26260,Southern Grampians (S),899,937,991,983,824,741,757,800,840,1071,1070,1209,1201,1141,949,642,489,591,16135
2,Victoria,26350,Stonnington (C),4778,4674,4683,5103,11022,15643,13241,8923,6621,6986,6165,5828,5163,4852,4320,3140,2438,2627,116207
2,Victoria,26430,Strathbogie (S),496,565,550,561,386,476,471,485,521,612,702,863,973,955,798,504,365,362,10645
2,Victoria,26490,Surf Coast (S),2028,2330,2239,1880,1365,1372,1935,2200,2337,2450,2012,2243,2145,1967,1571,971,618,588,32251
2,Victoria,26610,Swan Hill (RC),1413,1400,1232,1320,1228,1387,1311,1155,1139,1247,1265,1424,1341,1187,906,721,515,568,20759
2,Victoria,26670,Towong (S),312,323,365,340,230,208,257,265,303,390,451,509,521,490,431,300,164,195,6054
2,Victoria,26700,Wangaratta (RC),1612,1872,1853,1846,1374,1393,1421,1541,1703,1961,1905,2072,1978,1939,1576,1209,839,993,29087
2,Victoria,26730,Warrnambool (C),2035,2169,2103,2186,2427,2474,2123,1929,2026,2184,2185,2258,2161,1931,1618,1180,839,1034,34862
2,Victoria,26810,Wellington (S),2531,2706,2695,2593,2369,2450,2541,2531,2488,2837,2847,3287,3193,3023,2362,1556,1001,1009,44019
2,Victoria,26890,West Wimmera (S),233,218,225,221,159,151,175,179,189,273,283,336,276,255,230,187,146,126,3862
2,Victoria,26980,Whitehorse (C),9391,10075,9872,11071,16082,14380,12605,11587,11201,12270,10217,9743,8491,7372,6635,5456,4506,5242,176196
2,Victoria,27070,Whittlesea (C),18198,16314,13605,12573,15978,18185,20495,18842,15086,14090,12441,11647,9889,8454,6842,4642,3404,2637,223322
2,Victoria,27170,Wodonga (C),2897,3020,2709,2761,2884,2963,3047,2467,2497,2642,2418,2605,2246,2083,1566,1152,677,795,41429
2,Victoria,27260,Wyndham (C),25121,22749,17128,14511,16185,20082,27314,25689,18813,15370,12688,11199,9223,7172,5288,3239,1963,1588,255322
2,Victoria,27350,Yarra (C),4552,3468,2808,2994,8157,16382,14445,9313,6382,5680,5034,4642,4221,3285,2778,1856,1304,1220,98521
2,Victoria,27450,Yarra Ranges (S),9752,10370,10112,10031,9956,9949,10153,9993,10371,11696,10578,10673,9504,8363,6894,4439,2672,2667,158173
2,Victoria,27630,Yarriambiack (S),305,392,420,344,265,309,280,282,320,363,462,561,551,474,454,338,230,308,6658
2,Victoria,29399,Unincorporated Vic,20,52,55,33,87,139,103,51,65,53,43,38,35,48,30,26,8,3,889
3,Queensland,30250,Aurukun (S),156,126,117,97,132,99,105,108,83,96,94,74,38,39,15,3,0,0,1382
3,Queensland,30300,Balonne (S),322,340,308,247,212,243,283,241,266,320,287,305,260,259,179,113,87,62,4334
3,Queensland,30370,Banana (S),1023,1100,1039,806,721,889,957,992,928,945,957,1055,791,677,542,389,258,222,14291
3,Queensland,30410,Barcaldine (R),201,217,183,125,135,156,165,184,169,211,199,199,176,156,142,102,74,58,2852
3,Queensland,30450,Barcoo (S),11,16,12,4,14,30,4,27,14,17,23,30,22,20,7,9,4,3,267
3,Queensland,30760,Blackall-Tambo (R),132,138,113,68,66,100,115,97,98,99,121,162,155,115,112,85,43,44,1863
3,Queensland,30900,Boulia (S),34,22,32,14,28,39,45,17,33,27,26,35,25,14,20,9,3,2,425
3,Queensland,31000,Brisbane (C),74140,73964,69623,72317,109707,115312,106106,93687,84716,84377,72372,66829,55435,47251,38658,26765,18707,21639,1231605
3,Queensland,31750,Bulloo (S),12,18,28,8,22,17,13,35,15,16,24,38,33,19,12,9,5,6,330
3,Queensland,31820,Bundaberg (R),5002,5717,6192,5813,4798,5090,4845,4793,5103,5892,6083,6816,6694,6640,6238,4305,2833,2448,95302
3,Queensland,31900,Burdekin (S),891,945,1094,1076,925,940,840,825,992,1121,1171,1256,1194,1105,1005,695,498,504,17077
3,Queensland,31950,Burke (S),24,20,24,7,36,30,20,30,23,24,19,29,31,18,11,2,2,2,352
3,Queensland,32080,Cairns (R),10906,11451,11609,10480,9480,11504,11703,11478,11608,12377,11195,10718,9388,7708,6114,3546,2255,2005,165525
3,Queensland,32250,Carpentaria (S),137,148,134,94,126,144,141,121,113,134,160,157,116,97,78,41,22,11,1974
3,Queensland,32260,Cassowary Coast (R),1810,1787,1900,1715,1460,1693,1629,1586,1570,1907,2047,2345,2270,1937,1505,1131,689,708,29689
3,Queensland,32270,Central Highlands (R) (Qld),2545,2578,2153,1597,1588,2091,2473,2331,1926,2058,1829,1807,1336,880,672,417,203,161,28645
3,Queensland,32310,Charters Towers (R),621,843,1003,962,560,622,578,661,707,809,681,771,775,725,638,407,272,215,11850
3,Queensland,32330,Cherbourg (S),192,154,120,151,120,117,55,69,66,63,54,49,42,21,15,13,4,10,1315
3,Queensland,32450,Cloncurry (S),252,201,185,159,175,247,302,259,196,208,184,232,199,107,90,52,19,24,3091
3,Queensland,32500,Cook (S),261,293,309,193,235,343,263,264,267,270,308,364,319,333,232,102,42,47,4445
3,Queensland,32600,Croydon (S),22,20,21,1,14,22,17,27,12,26,22,26,16,12,8,10,7,5,288
3,Queensland,32750,Diamantina (S),8,28,9,6,47,29,35,17,21,9,24,18,14,17,6,1,2,1,292
3,Queensland,32770,Doomadgee (S),199,190,197,142,102,127,120,113,77,65,36,71,28,22,9,1,1,7,1507
3,Queensland,32810,Douglas (S),649,675,701,565,586,796,780,785,828,873,880,1065,918,792,615,382,218,149,12257
3,Queensland,33100,Etheridge (S),62,67,54,8,28,28,62,42,40,54,59,62,67,61,53,40,14,3,804
3,Queensland,33200,Flinders (S) (Qld),122,99,63,51,84,121,99,64,89,96,105,103,102,104,75,68,25,29,1499
3,Queensland,33220,Fraser Coast (R),5074,6111,6658,5944,4342,4564,4595,5209,5523,6487,6622,7638,8171,8900,8274,5455,3267,2629,105463
3,Queensland,33360,Gladstone (R),4754,4959,4787,4178,3413,4046,4396,4274,4363,4695,4350,4273,3464,2601,1994,1222,635,575,62979
3,Queensland,33430,Gold Coast (C),36344,38033,36796,36838,42378,44596,42358,41009,40178,42821,37538,36699,32422,30320,26768,17719,11766,12191,606774
3,Queensland,33610,Goondiwindi (R),789,789,780,615,520,662,648,694,582,698,646,739,660,598,498,380,236,194,10728
3,Queensland,33620,Gympie (R),2746,3243,3534,3056,2117,2300,2401,2649,2696,3363,3466,4091,4011,3841,3475,2161,1260,1176,51586
3,Queensland,33800,Hinchinbrook (S),473,557,622,713,456,442,403,465,537,656,776,876,836,810,710,552,474,447,10805
3,Queensland,33830,Hope Vale (S),137,88,94,87,115,97,69,67,68,64,47,39,45,16,22,3,17,6,1081
3,Queensland,33960,Ipswich (C),17744,17753,15596,14292,15215,17061,17235,15379,13698,13599,12433,11534,9348,7706,5924,4111,2664,2346,213638
3,Queensland,33980,Isaac (R),1982,1874,1441,1006,994,1890,2086,1874,1604,1521,1271,1165,902,580,393,184,95,72,20934
3,Queensland,34420,Kowanyama (S),91,93,95,91,65,74,73,63,75,74,53,46,52,21,8,0,0,3,977
3,Queensland,34530,Livingstone (S),2105,2394,2532,2525,1905,1846,2084,2227,2302,2626,2638,2904,2579,2309,1855,1233,810,764,37638
3,Queensland,34570,Lockhart River (S),88,70,84,54,71,81,68,34,44,45,34,35,27,20,13,10,1,3,782
3,Queensland,34580,Lockyer Valley (R),2482,2724,2804,2820,2746,2906,2510,2409,2435,2685,2770,2605,2365,2220,1980,1218,737,595,41011
3,Queensland,34590,Logan (C),25238,25846,23780,22664,23210,23489,23650,22620,21119,21518,19263,18461,15828,14204,11515,6749,3979,3482,326615
3,Queensland,34710,Longreach (R),216,229,204,209,252,234,224,196,175,227,282,256,233,219,144,90,77,63,3530
3,Queensland,34770,Mackay (R),8009,8379,8100,7459,6485,7560,8016,7640,7504,8378,8193,8159,6822,5236,4148,2789,1968,1694,116539
3,Queensland,34800,McKinlay (S),68,60,44,11,39,63,78,70,68,60,35,67,55,38,27,15,10,6,814
3,Queensland,34830,Mapoon (S),26,29,26,23,33,32,26,20,11,18,15,21,22,12,4,5,1,1,325
3,Queensland,34860,Maranoa (R),960,997,874,687,665,951,957,821,761,819,817,853,721,585,473,359,222,269,12791
3,Queensland,34880,Mareeba (S),1212,1354,1497,1358,1157,1298,1332,1269,1396,1600,1492,1609,1552,1364,1192,898,499,438,22517
3,Queensland,35010,Moreton Bay (R),30205,34074,32314,29677,28331,29152,29320,29926,30197,32521,28741,27745,24465,23655,20558,13050,8014,7640,459585
3,Queensland,35250,Mornington (S),90,133,141,102,96,84,97,98,78,71,59,63,44,12,26,8,9,7,1218
3,Queensland,35300,Mount Isa (C),1882,1425,1313,1129,1267,1902,1739,1372,1142,1277,1173,1104,735,572,387,269,134,56,18878
3,Queensland,35600,Murweh (S),333,305,299,226,230,327,287,232,259,245,290,325,296,220,157,126,76,85,4318
3,Queensland,35670,Napranum (S),149,91,94,86,103,102,59,67,49,56,68,51,35,19,9,5,0,5,1048
3,Queensland,35740,Noosa (S),2242,2975,3634,3247,2080,2054,2271,2772,3386,4160,3983,4506,4343,4351,3780,2583,1525,1477,55369
3,Queensland,35760,North Burnett (R),526,608,697,602,496,562,532,522,575,698,697,778,795,741,703,493,295,308,10628
3,Queensland,35780,Northern Peninsula Area (R),391,419,305,232,299,285,190,163,161,159,126,131,85,67,36,7,5,8,3069
3,Queensland,35790,Palm Island (S),307,308,221,215,226,230,174,146,153,166,168,122,101,52,32,11,1,4,2637
3,Queensland,35800,Paroo (S),125,111,76,57,67,114,96,84,70,90,109,142,146,93,91,55,37,23,1586
3,Queensland,36070,Pormpuraaw (S),95,78,84,46,69,57,44,58,67,65,62,39,28,27,13,0,1,0,833
3,Queensland,36150,Quilpie (S),74,66,49,25,30,61,53,39,41,57,63,73,75,33,26,15,5,5,790
3,Queensland,36250,Redland (C),8865,10149,10733,10405,9287,8431,8840,9392,9820,11228,10533,11119,9673,9047,7604,5022,3304,3411,156863
3,Queensland,36300,Richmond (S),86,60,39,22,35,83,56,50,36,40,53,69,53,45,31,20,13,15,806
3,Queensland,36370,Rockhampton (R),5602,5768,5671,5604,5528,5830,5751,5026,4621,5145,4815,5167,4443,3604,2974,2275,1627,1616,81067
3,Queensland,36510,Scenic Rim (R),2170,2777,3195,2698,2037,1873,1921,2371,2575,3256,2986,3125,2875,2798,2453,1590,1000,883,42583
3,Queensland,36580,Somerset (R),1569,1896,1875,1581,1255,1228,1319,1482,1471,1694,1701,1964,1836,1807,1521,872,462,354,25887
3,Queensland,36630,South Burnett (R),1904,2043,2270,2006,1478,1562,1502,1562,1783,2082,2112,2334,2311,2484,2140,1468,795,719,32555
3,Queensland,36660,Southern Downs (R),2020,2276,2324,2313,1644,1710,1599,1773,1868,2196,2293,2570,2564,2654,2289,1506,1022,980,35601
3,Queensland,36720,Sunshine Coast (R),17229,20348,21024,19993,17636,17148,17805,18918,20011,22969,21003,21464,19909,19179,17174,11848,8132,8132,319922
3,Queensland,36820,Tablelands (R),1365,1593,1699,1524,1046,1165,1133,1233,1273,1626,1828,1959,1976,1941,1662,1123,744,651,25541
3,Queensland,36910,Toowoomba (R),10814,11818,11724,11202,10554,11113,10632,9751,9753,10721,9891,10385,9461,8710,7707,5606,3879,3936,167657
3,Queensland,36950,Torres (S),332,351,314,320,301,349,316,278,231,220,199,232,177,104,63,31,14,16,3848
3,Queensland,36960,Torres Strait Island (R),552,637,490,341,440,524,326,330,249,223,218,198,192,130,70,52,14,8,4994
3,Queensland,37010,Townsville (C),13125,13320,12658,13344,16945,15489,14080,12924,12127,13201,11525,11693,9667,8240,6474,4408,2623,2229,194072
3,Queensland,37300,Weipa (T),417,371,344,237,198,336,393,378,349,342,308,227,149,99,68,10,7,7,4240
3,Queensland,37310,Western Downs (R),2428,2750,2580,2281,1806,2199,2139,2069,2105,2283,2242,2151,1895,1756,1476,985,691,631,34467
3,Queensland,37340,Whitsunday (R),2058,2240,2092,1741,2114,2904,2672,2326,2235,2443,2134,2498,2264,1977,1516,912,522,402,35050
3,Queensland,37400,Winton (S),69,63,66,34,74,72,88,52,56,89,98,68,102,65,66,52,20,23,1157
3,Queensland,37550,Woorabinda (S),104,121,100,93,96,88,54,64,43,64,54,38,33,23,9,9,9,3,1005
3,Queensland,37570,Wujal Wujal (S),36,26,16,13,22,31,31,20,21,22,18,13,18,8,6,0,1,4,306
3,Queensland,37600,Yarrabah (S),327,336,324,300,229,226,207,168,130,142,140,126,80,42,31,32,6,2,2848
4,South Australia,40070,Adelaide (C),557,426,386,1761,5351,3463,2313,1598,1093,1080,1138,1242,1096,1099,908,543,343,397,24794
4,South Australia,40120,Adelaide Hills (DC),2060,2569,2894,2836,2126,1498,1660,2149,2597,3229,3009,3076,2819,2576,1989,1192,724,731,39734
4,South Australia,40150,Adelaide Plains (DC),501,597,597,648,519,443,508,484,561,775,790,748,575,516,390,191,123,93,9059
4,South Australia,40220,Alexandrina (DC),1158,1422,1561,1425,1105,1064,1105,1186,1409,1693,1664,2077,2171,2355,2229,1556,966,891,27037
4,South Australia,40250,Anangu Pitjantjatjara (AC),215,199,217,166,299,266,231,177,164,167,143,94,90,52,39,9,16,14,2558
4,South Australia,40310,Barossa (DC),1304,1620,1711,1639,1217,1075,1328,1463,1590,1794,1604,1805,1729,1583,1282,882,573,609,24808
4,South Australia,40430,Barunga West (DC),102,121,114,126,68,92,101,79,125,159,169,237,234,255,198,138,99,134,2551
4,South Australia,40520,Berri and Barmera (DC),585,677,722,708,532,542,525,565,572,722,703,828,807,743,560,406,318,338,10853
4,South Australia,40700,Burnside (C),2098,2730,3058,3398,2877,2300,1914,2478,2936,3324,2856,3002,2785,2684,2535,1761,1281,1689,45706
4,South Australia,40910,Campbelltown (C) (SA),2779,3009,2782,3045,3357,3405,3277,3519,3106,3566,3352,3119,2662,2450,2428,2173,1690,1750,51469
4,South Australia,41010,Ceduna (DC),265,251,207,220,170,240,229,203,187,208,226,234,253,204,156,104,55,54,3466
4,South Australia,41060,Charles Sturt (C),6524,6231,5799,6312,8165,8600,8554,7552,7244,8065,7886,7635,6666,6187,5255,3802,3201,3704,117382
4,South Australia,41140,Clare and Gilbert Valleys (DC),477,564,639,521,370,458,542,462,458,593,664,758,743,684,586,389,224,247,9379
4,South Australia,41190,Cleve (DC),106,133,113,108,60,107,108,105,102,96,130,153,134,102,87,54,43,58,1799
4,South Australia,41330,Coober Pedy (DC),133,114,84,62,81,134,141,99,101,95,145,132,132,117,124,95,44,12,1845
4,South Australia,41560,Copper Coast (DC),700,823,839,809,647,732,684,689,647,850,940,1154,1160,1306,1156,787,492,457,14872
4,South Australia,41750,Elliston (DC),63,71,73,44,28,36,56,52,59,69,74,117,108,59,46,30,19,15,1019
4,South Australia,41830,Flinders Ranges (DC),88,97,85,89,68,102,74,77,85,100,112,153,136,152,128,78,30,39,1693
4,South Australia,41960,Franklin Harbour (DC),78,91,68,51,56,58,69,53,50,86,85,96,113,126,99,72,18,46,1315
4,South Australia,42030,Gawler (T),1494,1486,1389,1481,1661,1520,1498,1408,1206,1571,1565,1628,1416,1207,1136,946,698,708,24018
4,South Australia,42110,Goyder (DC),214,220,257,264,133,203,172,189,234,282,281,386,399,328,248,193,118,85,4206
4,South Australia,42250,Grant (DC),397,536,602,584,414,365,419,460,563,717,699,684,599,572,412,251,120,117,8511
4,South Australia,42600,Holdfast Bay (C),1513,1786,1777,1837,2267,2228,2133,2256,2075,2483,2401,2776,2653,2418,2155,1454,1099,1721,37032
4,South Australia,42750,Kangaroo Island (DC),273,309,243,274,188,199,258,247,259,293,345,426,434,400,339,203,127,116,4933
4,South Australia,43080,Karoonda East Murray (DC),57,56,86,62,46,56,47,36,72,58,91,62,83,92,79,44,27,58,1112
4,South Australia,43220,Kimba (DC),94,90,79,41,43,59,75,68,55,52,66,77,51,56,54,38,37,38,1073
4,South Australia,43360,Kingston (DC) (SA),126,115,133,113,94,125,97,118,115,135,131,180,212,216,181,114,97,72,2374
4,South Australia,43650,Light (RegC),850,1119,1219,1178,918,748,818,932,1015,1167,1163,1132,988,750,592,367,200,183,15339
4,South Australia,43710,Lower Eyre Peninsula (DC),340,382,382,408,219,265,317,374,370,462,405,468,390,358,298,152,107,64,5761
4,South Australia,43790,Loxton Waikerie (DC),636,699,743,745,547,553,576,550,646,785,852,863,845,879,699,464,311,333,11726
4,South Australia,44000,Maralinga Tjarutja (AC),3,0,0,5,7,11,1,0,16,6,0,12,2,1,0,0,0,0,64
4,South Australia,44060,Marion (C),5531,5266,4675,4910,6695,7089,7167,6570,5703,5723,5405,5780,5554,4820,3833,2714,2077,2796,92308
4,South Australia,44210,Mid Murray (DC),372,420,418,409,431,377,410,397,454,638,709,762,828,836,675,424,212,211,8983
4,South Australia,44340,Mitcham (C),3554,4168,4252,4460,4689,3537,3687,4097,4441,4799,4369,4311,3811,3636,3177,2375,1641,2249,67253
4,South Australia,44550,Mount Barker (DC),2266,2447,2441,2335,2239,2197,2063,2227,2327,2665,2423,2340,2111,1832,1547,874,596,615,35545
4,South Australia,44620,Mount Gambier (C),1736,1843,1814,1765,1641,1742,1689,1609,1536,1789,1718,1713,1616,1404,1232,927,673,729,27176
4,South Australia,44830,Mount Remarkable (DC),109,142,165,175,115,91,104,129,136,172,218,298,277,240,235,137,85,82,2910
4,South Australia,45040,Murray Bridge (RC),1263,1342,1264,1327,1496,1747,1513,1176,1149,1398,1392,1458,1264,1245,1197,826,565,543,22165
4,South Australia,45090,Naracoorte and Lucindale (DC),493,603,566,477,422,510,548,539,514,567,531,649,525,464,433,272,200,220,8533
4,South Australia,45120,Northern Areas (DC),289,279,274,263,197,224,235,209,229,267,299,383,367,329,304,199,118,138,4603
4,South Australia,45290,Norwood Payneham St Peters (C),1690,1820,1770,1911,2685,3172,2803,2378,2198,2371,2260,2335,2125,1856,1697,1256,1056,1367,36750
4,South Australia,45340,Onkaparinga (C),10305,11186,10527,10634,10720,10566,11325,10812,10818,11682,10929,11177,10416,10013,8344,5112,3468,3455,171489
4,South Australia,45400,Orroroo - Carrieton (DC),52,48,44,51,20,25,33,45,28,56,51,66,89,73,58,43,31,41,854
4,South Australia,45540,Peterborough (DC),68,74,92,84,72,58,92,82,62,110,91,165,172,147,128,89,56,58,1700
4,South Australia,45680,Playford (C),7881,7690,6438,5851,7248,7553,7496,5923,5166,5510,5615,5413,4367,3437,2855,2048,1596,1339,93426
4,South Australia,45890,Port Adelaide Enfield (C),8020,7157,6431,6579,8738,10163,11120,9690,8141,8194,7745,7892,6829,5701,4703,3283,2549,3185,126120
4,South Australia,46090,Port Augusta (C),887,943,934,810,812,1056,991,798,804,899,916,1043,869,765,640,433,277,225,14102
4,South Australia,46300,Port Lincoln (C),973,973,956,943,765,915,985,785,830,922,891,1036,878,794,669,547,367,397,14626
4,South Australia,46450,Port Pirie City and Dists (M),997,1044,1139,1254,988,950,906,886,922,1171,1162,1313,1093,1074,1006,739,483,503,17630
4,South Australia,46510,Prospect (C),1295,1256,1174,983,1726,1795,1726,1492,1390,1393,1354,1396,1275,990,708,478,358,470,21259
4,South Australia,46670,Renmark Paringa (DC),528,556,589,656,489,618,612,551,527,666,618,703,662,677,519,370,254,274,9869
4,South Australia,46860,Robe (DC),65,59,67,56,84,87,84,58,73,89,109,128,121,89,107,86,43,39,1444
4,South Australia,46970,Roxby Downs (M),428,351,262,163,223,453,477,389,297,274,241,229,130,48,18,10,10,11,4014
4,South Australia,47140,Salisbury (C),9860,9688,8924,8695,10389,10703,11292,10296,8852,9194,8704,8348,7332,6436,5305,3762,2634,2141,142555
4,South Australia,47290,Southern Mallee (DC),101,120,138,113,71,124,135,120,122,111,167,159,128,155,110,83,68,69,2094
4,South Australia,47490,Streaky Bay (DC),149,194,135,107,67,116,123,115,133,140,124,177,203,169,103,76,35,48,2214
4,South Australia,47630,Tatiara (DC),350,474,454,453,372,383,370,403,389,508,487,452,431,406,309,214,149,190,6794
4,South Australia,47700,Tea Tree Gully (C),5582,6107,6054,6182,6215,5743,6416,6606,6371,6896,6626,6447,5933,5601,5003,3461,2284,2167,99694
4,South Australia,47800,The Coorong (DC),307,346,335,328,233,234,293,278,295,287,404,455,433,367,351,257,148,112,5463
4,South Australia,47910,Tumby Bay (DC),149,153,148,128,88,115,115,125,126,178,178,212,238,202,203,145,93,92,2688
4,South Australia,47980,Unley (C),1819,2142,2324,2274,2795,2901,2543,2497,2584,2575,2502,2397,2321,2233,1758,1201,924,1355,39145
4,South Australia,48050,Victor Harbor (C),603,724,718,694,541,451,549,576,667,771,756,995,1166,1574,1714,1142,770,837,15248
4,South Australia,48130,Wakefield (DC),411,462,456,451,312,325,365,362,360,460,454,520,488,457,361,220,168,182,6814
4,South Australia,48260,Walkerville (M),340,425,455,525,568,480,442,444,440,530,539,505,523,476,434,328,233,257,7944
4,South Australia,48340,Wattle Range (DC),672,716,771,709,576,513,567,594,722,781,884,971,935,906,653,452,291,318,12031
4,South Australia,48410,West Torrens (C),3221,2960,2670,2972,5184,5581,5180,4284,3611,3864,3623,3482,2897,2552,2346,1936,1632,2110,60105
4,South Australia,48540,Whyalla (C),1342,1440,1456,1366,1126,1424,1400,1197,1223,1571,1590,1537,1274,1067,975,809,510,459,21766
4,South Australia,48640,Wudinna (DC),70,120,91,59,61,68,75,83,70,79,74,92,106,97,45,38,24,42,1294
4,South Australia,48750,Yankalilla (DC),232,264,293,243,180,170,240,223,259,335,355,476,578,574,457,312,141,146,5478
4,South Australia,48830,Yorke Peninsula (DC),478,557,545,507,363,361,420,457,472,575,735,1016,1070,1120,1077,671,433,471,11328
4,South Australia,49399,Unincorporated SA,159,168,173,112,156,263,307,250,233,329,285,339,254,214,132,72,39,35,3520
5,Western Australia,50080,Albany (C),2130,2312,2621,2610,1906,1901,2201,2021,2208,2526,2404,2730,2475,2395,1862,1429,1025,1070,37826
5,Western Australia,50210,Armadale (C),7850,6747,5624,4928,5673,7041,8211,7210,5613,5365,4838,4657,3996,3479,2682,1681,1096,943,87634
5,Western Australia,50250,Ashburton (S),724,736,470,219,317,1328,1941,1717,1477,1338,1131,975,596,242,64,35,11,8,13329
5,Western Australia,50280,Augusta-Margaret River (S),1132,1221,1107,875,504,741,1055,1269,1242,1218,967,1033,988,862,591,391,248,256,15700
5,Western Australia,50350,Bassendean (T),1084,966,801,792,916,1013,1317,1188,1095,1156,1007,1015,861,780,630,439,340,339,15739
5,Western Australia,50420,Bayswater (C),4210,3513,3188,3193,4498,5755,6491,5334,4493,4557,4117,4117,3761,3315,2830,1949,1423,1488,68232
5,Western Australia,50490,Belmont (C),2767,2243,1749,1660,3222,4574,4452,3425,2711,2445,2223,2303,1974,1679,1338,1057,846,842,41510
5,Western Australia,50560,Beverley (S),73,84,103,85,40,63,67,101,90,110,114,162,159,161,139,95,58,44,1748
5,Western Australia,50630,Boddington (S),142,121,115,74,54,98,141,136,136,137,156,127,126,103,69,58,23,17,1833
5,Western Australia,50770,Boyup Brook (S),112,126,119,67,31,48,92,91,114,112,128,139,143,148,117,79,57,33,1756
5,Western Australia,50840,Bridgetown-Greenbushes (S),218,287,355,266,132,140,161,219,270,321,330,422,394,440,340,228,101,98,4722
5,Western Australia,50910,Brookton (S),83,69,44,25,54,49,54,63,31,87,65,61,49,81,57,42,28,23,965
5,Western Australia,50980,Broome (S),1400,1448,1296,978,892,1345,1613,1313,1291,1184,1043,1085,879,570,322,169,77,47,16952
5,Western Australia,51080,Broomehill-Tambellup (S),91,103,88,47,38,54,69,79,64,69,82,93,74,58,50,39,16,18,1132
5,Western Australia,51120,Bruce Rock (S),53,68,72,31,48,45,49,56,66,60,64,63,67,74,58,20,26,20,940
5,Western Australia,51190,Bunbury (C),1997,1832,1841,1792,1747,2050,2007,1951,1872,2134,2062,2236,2120,1808,1602,1055,783,887,31776
5,Western Australia,51260,Busselton (C),2188,2793,2796,2484,1554,1710,2193,2540,2623,2875,2437,2438,2544,2487,2112,1364,900,888,38926
5,Western Australia,51310,Cambridge (T),1503,2174,2259,1875,1653,1660,1374,1680,1952,2331,2007,1851,1554,1220,1017,779,694,898,28481
5,Western Australia,51330,Canning (C),5433,5564,5855,5967,8690,7921,6918,6716,5988,6041,5334,5100,4664,4130,3246,2221,1569,1608,92965
5,Western Australia,51400,Capel (S),1218,1389,1590,1600,919,920,1047,1134,1313,1509,1286,1117,920,776,625,355,181,123,18022
5,Western Australia,51470,Carnamah (S),34,23,37,23,11,48,24,38,26,33,43,62,45,31,32,12,10,9,541
5,Western Australia,51540,Carnarvon (S),349,363,365,233,286,369,401,320,324,404,427,362,355,307,221,151,77,48,5362
5,Western Australia,51610,Chapman Valley (S),62,129,148,90,43,54,68,90,109,130,110,120,93,76,82,45,21,22,1492
5,Western Australia,51680,Chittering (S),263,388,423,445,270,203,255,345,357,486,515,472,376,350,274,177,90,53,5742
5,Western Australia,51750,Claremont (T),462,554,694,957,715,692,542,504,571,723,681,592,611,585,573,462,328,458,10704
5,Western Australia,51820,Cockburn (C),8157,7614,6709,6484,7245,8411,9649,9191,8101,8157,7031,6432,5508,4496,3364,2403,1739,1474,112165
5,Western Australia,51890,Collie (S),526,582,597,550,479,497,516,477,464,584,583,647,649,576,470,237,161,159,8754
5,Western Australia,51960,Coolgardie (S),306,243,237,257,179,276,261,258,204,257,277,246,172,158,99,51,14,11,3506
5,Western Australia,52030,Coorow (S),56,44,54,34,16,50,49,34,55,51,96,88,114,110,75,44,29,5,1004
5,Western Australia,52100,Corrigin (S),63,85,82,43,55,60,60,62,51,89,62,78,99,89,56,40,36,36,1146
5,Western Australia,52170,Cottesloe (T),404,490,574,573,452,561,458,485,420,565,605,581,544,511,377,235,153,200,8188
5,Western Australia,52240,Cranbrook (S),63,89,72,34,24,49,53,75,72,66,70,77,105,74,65,49,28,12,1077
5,Western Australia,52310,Cuballing (S),36,56,62,41,24,32,57,48,50,66,72,73,44,85,58,32,17,9,862
5,Western Australia,52380,Cue (S),11,4,4,4,2,15,9,7,8,9,10,18,21,14,10,2,0,0,148
5,Western Australia,52450,Cunderdin (S),93,81,110,136,72,81,89,97,76,75,74,93,115,71,53,56,34,34,1440
5,Western Australia,52520,Dalwallinu (S),107,116,88,55,74,99,92,125,82,98,91,106,92,74,48,31,32,21,1431
5,Western Australia,52590,Dandaragan (S),162,194,159,115,119,202,216,167,155,233,230,254,250,273,244,143,92,51,3259
5,Western Australia,52660,Dardanup (S),1107,1073,967,953,785,925,1006,973,855,932,876,898,815,709,563,405,286,240,14368
5,Western Australia,52730,Denmark (S),284,399,407,386,149,189,208,308,361,437,440,516,496,539,468,284,166,117,6154
5,Western Australia,52800,Derby-West Kimberley (S),796,713,717,508,608,716,723,652,506,510,461,472,367,268,131,50,29,28,8255
5,Western Australia,52870,Donnybrook-Balingup (S),332,379,404,384,184,262,285,313,348,419,411,484,536,442,389,249,116,125,6062
5,Western Australia,52940,Dowerin (S),65,52,40,20,36,18,44,45,37,48,40,31,57,71,29,17,18,8,676
5,Western Australia,53010,Dumbleyung (S),68,47,31,16,13,41,47,50,52,39,43,59,45,47,33,30,12,3,676
5,Western Australia,53080,Dundas (S),26,29,33,27,23,56,55,47,31,62,75,79,65,53,39,20,11,4,735
5,Western Australia,53150,East Fremantle (T),372,467,597,475,484,389,383,453,507,675,603,617,497,433,315,203,161,180,7811
5,Western Australia,53220,East Pilbara (S),607,627,440,378,492,1225,1629,1300,1088,898,818,752,382,197,78,24,24,11,10970
5,Western Australia,53290,Esperance (S),937,953,1041,1045,662,842,874,779,840,996,1043,999,858,734,657,462,310,249,14281
5,Western Australia,53360,Exmouth (S),198,202,170,142,94,192,231,248,222,219,196,184,188,138,112,67,19,14,2836
5,Western Australia,53430,Fremantle (C),1724,1516,1362,1344,1609,2228,2687,2275,1964,2203,2079,2241,1933,1831,1391,998,724,759,30868
5,Western Australia,53570,Gingin (S),249,253,318,255,215,306,266,252,276,343,351,408,433,499,395,234,134,71,5258
5,Western Australia,53640,Gnowangerup (S),90,97,56,32,49,82,84,68,76,91,79,92,109,84,57,27,19,15,1207
5,Western Australia,53710,Goomalling (S),49,87,70,43,31,39,55,59,46,90,72,78,72,83,46,36,35,20,1011
5,Western Australia,53780,Gosnells (C),9149,8963,7926,7676,8788,9199,10033,10094,8496,8159,7143,6564,5927,5031,4047,2728,1824,1578,123325
5,Western Australia,53800,Greater Geraldton (C),2628,2771,2796,2765,2131,2276,2427,2372,2397,2847,2630,2579,2253,1845,1548,1084,749,640,38738
5,Western Australia,53920,Halls Creek (S),355,297,303,232,323,324,301,246,209,213,156,156,167,98,62,23,8,17,3490
5,Western Australia,53990,Harvey (S),1873,2094,2161,2067,1309,1477,1766,1764,1822,1965,1930,1740,1729,1415,1171,716,480,319,27798
5,Western Australia,54060,Irwin (S),161,197,249,212,113,90,145,190,194,218,253,275,315,316,255,180,107,90,3560
5,Western Australia,54130,Jerramungup (S),92,99,100,21,37,53,87,94,62,55,90,112,72,63,36,34,15,11,1133
5,Western Australia,54170,Joondalup (C),9255,10691,10963,10792,10545,8348,9206,10047,10757,12182,11351,11370,10101,8861,6658,3750,2508,2646,160031
5,Western Australia,54200,Kalamunda (C),3629,3943,3912,4033,3510,3341,3802,3962,3873,4084,3814,3733,3245,3163,2648,1887,1299,1068,58946
5,Western Australia,54280,Kalgoorlie - Boulder (C),2633,2288,2025,1829,1869,2568,2683,2417,2067,2217,1895,1857,1385,970,584,380,170,161,29998
5,Western Australia,54310,Karratha (C),2151,2009,1612,1207,1090,1946,2601,2238,1898,1732,1357,1145,644,408,186,107,41,42,22414
5,Western Australia,54340,Katanning (S),249,318,296,205,248,234,254,233,237,268,293,292,269,198,185,128,96,82,4085
5,Western Australia,54410,Kellerberrin (S),55,59,96,85,42,58,51,74,53,80,102,94,70,90,58,49,46,45,1207
5,Western Australia,54480,Kent (S),58,37,32,15,17,25,29,61,48,37,43,34,35,35,25,15,11,5,562
5,Western Australia,54550,Kojonup (S),137,168,120,57,83,73,131,99,108,141,149,158,144,131,86,77,56,62,1980
5,Western Australia,54620,Kondinin (S),60,39,64,17,21,42,69,53,62,65,74,80,63,46,44,32,22,17,870
5,Western Australia,54690,Koorda (S),34,36,20,13,10,15,23,23,23,31,27,38,38,25,21,18,8,5,408
5,Western Australia,54760,Kulin (S),65,62,46,11,34,44,37,62,46,57,51,58,51,57,30,22,17,24,774
5,Western Australia,54830,Kwinana (C),3849,3330,2663,2377,3156,3983,4533,3794,2985,2832,2355,2020,1600,1378,1037,763,482,374,43511
5,Western Australia,54900,Lake Grace (S),105,126,97,27,31,68,89,73,97,91,84,96,103,77,53,34,19,12,1282
5,Western Australia,54970,Laverton (S),44,56,56,22,52,131,175,118,80,108,105,105,79,42,9,16,3,5,1206
5,Western Australia,55040,Leonora (S),120,99,76,30,64,179,174,152,127,116,114,76,79,67,27,14,8,7,1529
5,Western Australia,55110,Mandurah (C),5101,5459,5248,5018,4874,4531,4778,4705,4717,5396,5276,5442,5234,5403,5280,3917,2660,2263,85302
5,Western Australia,55180,Manjimup (S),530,515,657,659,393,427,408,476,498,652,674,770,676,564,493,337,204,226,9159
5,Western Australia,55250,Meekatharra (S),77,58,52,49,42,101,128,78,70,64,67,73,71,41,27,6,3,1,1008
5,Western Australia,55320,Melville (C),5316,6058,6336,6596,7134,6020,5791,6067,6500,7065,6558,6630,6261,5733,4615,3288,2550,3422,101940
5,Western Australia,55390,Menzies (S),24,24,25,35,33,48,59,45,46,43,45,37,23,22,10,2,0,0,521
5,Western Australia,55460,Merredin (S),218,246,207,229,301,223,200,171,176,195,223,218,235,175,141,106,60,86,3410
5,Western Australia,55530,Mingenew (S),33,32,23,17,14,22,28,25,25,41,25,49,38,24,12,8,14,2,432
5,Western Australia,55600,Moora (S),161,199,194,127,118,128,113,126,175,180,168,196,146,118,117,68,45,47,2426
5,Western Australia,55670,Morawa (S),41,52,40,82,18,35,29,38,36,40,55,49,59,38,31,25,19,11,698
5,Western Australia,55740,Mosman Park (T),407,509,642,687,530,553,592,548,516,719,620,578,490,529,447,326,195,179,9067
5,Western Australia,55810,Mount Magnet (S),42,29,26,20,8,20,34,22,31,32,36,35,48,38,27,10,2,4,464
5,Western Australia,55880,Mount Marshall (S),55,34,48,12,2,31,42,48,34,38,40,34,31,24,25,10,4,6,518
5,Western Australia,55950,Mukinbudin (S),49,32,30,8,23,33,37,39,20,47,29,36,49,37,24,10,20,8,531
5,Western Australia,56090,Mundaring (S),1978,2323,2599,2581,2237,1949,2288,2398,2508,3053,3009,2930,2546,2275,1910,1213,727,615,39139
5,Western Australia,56160,Murchison (S),11,17,2,6,8,13,11,8,9,18,16,22,9,6,2,4,0,0,162
5,Western Australia,56230,Murray (S),951,1160,1203,1105,943,830,901,909,1030,1218,1181,1204,1184,1194,1036,741,525,338,17653
5,Western Australia,56300,Nannup (S),68,76,92,39,31,31,56,64,58,93,118,131,130,147,114,81,18,16,1363
5,Western Australia,56370,Narembeen (S),71,45,44,29,46,49,66,28,43,43,47,83,57,39,54,34,21,38,837
5,Western Australia,56460,Narrogin (S),291,370,318,405,253,285,262,242,267,326,305,360,349,322,249,162,140,134,5040
5,Western Australia,56580,Nedlands (C),1103,1570,1742,1707,1732,1252,871,1087,1370,1586,1563,1448,1359,1243,1099,710,481,631,22554
5,Western Australia,56620,Ngaanyatjarraku (S),144,138,147,126,165,147,179,147,122,107,73,88,68,24,51,14,2,5,1747
5,Western Australia,56730,Northam (S),664,690,742,686,577,673,672,678,677,762,718,841,777,694,564,350,226,199,11190
5,Western Australia,56790,Northampton (S),174,177,184,111,72,121,151,152,171,193,236,282,324,281,188,132,73,55,3077
5,Western Australia,56860,Nungarin (S),9,13,13,11,20,16,9,15,9,23,17,27,24,17,4,11,6,3,247
5,Western Australia,56930,Peppermint Grove (S),47,79,160,234,129,91,69,54,67,94,132,111,126,93,94,58,29,54,1721
5,Western Australia,57000,Perenjori (S),34,44,24,6,17,42,67,49,38,54,59,53,53,31,11,6,4,4,596
5,Western Australia,57080,Perth (C),953,456,275,944,3759,4969,4226,2580,1406,1339,1211,1217,1291,1006,880,587,364,299,27762
5,Western Australia,57140,Pingelly (S),71,65,83,48,26,41,54,44,47,82,84,99,117,96,76,59,38,22,1152
5,Western Australia,57210,Plantagenet (S),269,326,347,316,217,219,222,286,323,406,394,402,413,377,298,201,126,107,5249
5,Western Australia,57280,Port Hedland (T),1533,1348,900,719,731,1432,1773,1375,1093,1091,1001,851,520,290,156,97,23,42,14975
5,Western Australia,57350,Quairading (S),59,57,69,36,28,57,43,41,40,68,51,88,103,81,71,56,32,27,1007
5,Western Australia,57420,Ravensthorpe (S),105,75,64,30,46,94,114,98,109,83,146,130,113,131,120,80,37,23,1598
5,Western Australia,57490,Rockingham (C),9880,10348,9670,8631,9003,9704,9884,9256,8673,9255,8482,7735,6130,5076,4520,3190,2126,1826,133389
5,Western Australia,57630,Sandstone (S),1,0,1,3,0,4,3,0,8,3,10,6,12,14,15,1,0,0,81
5,Western Australia,57700,Serpentine-Jarrahdale (S),2772,2580,2247,1943,1979,2623,2725,2351,1958,2098,1925,1706,1313,988,833,470,229,193,30933
5,Western Australia,57770,Shark Bay (S),64,66,48,16,47,56,65,85,53,45,51,78,77,79,74,27,6,9,946
5,Western Australia,57840,South Perth (C),2179,2087,2095,2511,4155,3789,3430,2971,2648,2713,2576,2687,2550,2366,1725,1183,813,1076,43554
5,Western Australia,57910,Stirling (C),14115,12204,11328,10863,13537,18920,21291,17191,14621,14392,12726,12407,11430,9902,8417,6559,5038,5308,220249
5,Western Australia,57980,Subiaco (C),924,914,906,832,972,1472,1377,1207,1104,1107,1054,1005,949,973,842,599,439,430,17106
5,Western Australia,58050,Swan (C),11196,10585,9741,9324,9804,11422,12027,10965,9568,10072,9122,8303,6531,5098,3899,2582,1705,1430,143374
5,Western Australia,58190,Tammin (S),33,24,47,22,13,12,15,33,16,26,39,36,26,18,20,16,3,2,401
5,Western Australia,58260,Three Springs (S),56,50,38,13,16,18,51,46,45,38,28,42,28,51,28,24,7,12,591
5,Western Australia,58330,Toodyay (S),190,208,236,233,153,149,168,218,221,304,406,462,387,441,327,183,94,47,4427
5,Western Australia,58400,Trayning (S),19,19,24,6,8,26,9,20,10,29,24,45,25,23,20,25,7,9,348
5,Western Australia,58470,Upper Gascoyne (S),22,32,22,23,26,28,32,13,9,9,17,16,9,11,5,2,2,1,279
5,Western Australia,58510,Victoria Park (T),2184,1588,1240,1362,3469,4364,4210,3077,2350,2179,1977,1893,1735,1431,1098,784,635,1025,36601
5,Western Australia,58540,Victoria Plains (S),49,57,52,34,38,44,53,60,72,79,88,98,59,41,46,36,17,11,934
5,Western Australia,58570,Vincent (C),1949,1809,1386,1225,2518,4509,4736,3427,2500,2378,2093,1957,1622,1277,946,669,528,559,36088
5,Western Australia,58610,Wagin (S),80,120,133,91,64,67,69,87,120,110,126,159,146,155,124,84,46,43,1824
5,Western Australia,58680,Wandering (S),25,22,35,14,9,10,23,22,30,40,35,41,28,32,20,25,14,6,431
5,Western Australia,58760,Wanneroo (C),16083,15830,14387,13816,14234,15365,16593,15382,14473,14817,12701,10697,8305,6979,5658,3893,2406,2060,203679
5,Western Australia,58820,Waroona (S),250,226,283,267,175,193,244,235,201,272,290,344,297,308,194,172,114,104,4169
5,Western Australia,58890,West Arthur (S),46,74,43,26,31,32,33,53,36,60,63,76,81,47,45,25,9,18,798
5,Western Australia,59030,Westonia (S),12,17,15,9,23,20,24,26,24,15,18,19,37,13,13,8,6,3,302
5,Western Australia,59100,Wickepin (S),60,67,36,17,14,43,42,42,42,52,58,64,60,34,36,31,21,11,730
5,Western Australia,59170,Williams (S),92,78,56,20,31,60,87,61,63,38,71,78,101,60,48,32,26,22,1024
5,Western Australia,59250,Wiluna (S),34,22,21,11,29,87,128,63,72,55,62,39,36,32,9,4,2,0,706
5,Western Australia,59310,Wongan-Ballidu (S),89,120,85,42,52,49,81,82,92,85,65,118,98,88,77,40,13,23,1299
5,Western Australia,59320,Woodanilling (S),32,37,28,10,17,31,27,34,15,22,36,40,31,26,14,15,6,7,428
5,Western Australia,59330,Wyalkatchem (S),22,24,27,9,13,23,35,13,19,37,40,42,42,36,34,28,26,28,498
5,Western Australia,59340,Wyndham-East Kimberley (S),692,581,477,361,500,611,660,541,493,495,466,531,422,246,118,87,18,18,7317
5,Western Australia,59350,Yalgoo (S),9,15,15,12,18,32,37,39,25,29,31,29,30,10,10,8,5,3,357
5,Western Australia,59360,Yilgarn (S),68,59,50,24,37,80,78,72,67,106,132,123,75,84,43,40,17,14,1169
5,Western Australia,59370,York (S),173,242,198,166,104,112,149,183,181,191,268,308,348,313,260,199,117,79,3591
6,Tasmania,60210,Break O`Day (M),293,309,278,281,185,197,192,265,292,367,415,608,677,666,538,340,185,144,6232
6,Tasmania,60410,Brighton (M),1397,1420,1269,1137,1186,1200,1130,1138,1062,1127,1000,1045,986,810,673,365,205,144,17294
6,Tasmania,60610,Burnie (C),1176,1178,1236,1327,1260,1273,1124,1109,1031,1292,1300,1320,1220,1085,889,620,491,417,19348
6,Tasmania,60810,Central Coast (M) (Tas.),1056,1243,1388,1329,1043,1069,1069,1060,1168,1400,1560,1858,1633,1563,1344,947,621,553,21904
6,Tasmania,61010,Central Highlands (M) (Tas.),115,135,126,90,55,92,88,125,95,111,166,211,202,219,163,89,39,23,2144
6,Tasmania,61210,Circular Head (M),525,578,559,489,495,492,466,442,408,525,520,684,531,468,390,245,154,95,8066
6,Tasmania,61410,Clarence (C),3274,3627,3417,3196,3144,3255,3535,3557,3406,3832,3580,3961,3674,3402,2979,2089,1435,1582,56945
6,Tasmania,61510,Derwent Valley (M),569,672,716,631,495,535,541,606,629,718,701,865,665,641,533,361,255,157,10290
6,Tasmania,61610,Devonport (C),1436,1623,1619,1587,1407,1560,1386,1334,1425,1750,1500,1703,1652,1585,1433,1002,698,715,25415
6,Tasmania,61810,Dorset (M),330,367,420,362,264,309,350,325,323,402,443,585,552,535,411,282,216,176,6652
6,Tasmania,62010,Flinders (M) (Tas.),49,59,37,32,26,49,44,35,57,46,71,87,121,98,90,61,12,13,987
6,Tasmania,62210,George Town (M),377,402,459,403,302,356,313,327,346,431,526,515,538,566,435,298,186,151,6931
6,Tasmania,62410,Glamorgan - Spring Bay (M),174,168,186,163,133,162,185,191,229,289,295,383,476,529,432,267,138,128,4528
6,Tasmania,62610,Glenorchy (C),2888,2966,2926,2868,3098,3347,3449,2988,2816,3046,3041,3124,2732,2381,2088,1589,1153,1136,47636
6,Tasmania,62810,Hobart (C),2433,2719,2640,3102,5127,4778,3903,3288,3215,3444,3055,3501,3163,3038,2252,1480,1126,1420,53684
6,Tasmania,63010,Huon Valley (M),986,1013,1124,988,739,798,940,941,984,1188,1202,1466,1333,1292,996,572,382,275,17219
6,Tasmania,63210,Kentish (M),283,319,407,362,281,256,330,326,310,464,524,642,486,492,397,225,109,111,6324
6,Tasmania,63410,King Island (M),91,78,97,69,63,106,101,101,76,101,88,111,142,113,94,73,51,46,1601
6,Tasmania,63610,Kingborough (M),2289,2518,2557,2482,1821,1885,2214,2227,2364,2659,2333,2628,2510,2288,2017,1302,849,791,37734
6,Tasmania,63810,Latrobe (M) (Tas.),560,655,682,592,466,553,606,568,586,790,779,835,839,907,774,534,341,262,11329
6,Tasmania,64010,Launceston (C),3977,4106,3905,4307,5471,4812,4267,4000,3881,4511,4139,4246,3880,3520,3202,2116,1505,1604,67449
6,Tasmania,64210,Meander Valley (M),1003,1160,1207,1208,985,935,1030,1033,1105,1345,1444,1450,1448,1352,1181,794,531,502,19713
6,Tasmania,64610,Northern Midlands (M),767,779,764,716,678,741,693,668,732,894,946,1053,1031,920,804,506,345,263,13300
6,Tasmania,64810,Sorell (M),921,946,949,875,793,927,886,940,914,987,1059,1198,1050,962,784,490,272,265,15218
6,Tasmania,65010,Southern Midlands (M),327,362,424,402,304,312,314,314,336,446,485,524,467,407,308,178,101,107,6118
6,Tasmania,65210,Tasman (M),81,100,115,90,52,84,89,95,106,155,174,264,261,258,190,143,73,74,2404
6,Tasmania,65410,Waratah - Wynyard (M),758,849,811,794,594,682,710,679,779,902,971,1069,1054,948,862,599,417,322,13800
6,Tasmania,65610,West Coast (M),236,280,258,187,151,262,258,232,246,300,348,328,349,262,208,149,73,40,4167
6,Tasmania,65810,West Tamar (M),1222,1396,1515,1539,1179,1159,1269,1217,1275,1683,1617,1829,1810,1647,1390,962,541,519,23769
7,Northern Territory,70200,Alice Springs (T),2014,1982,1704,1516,1523,2229,2292,2039,1765,1973,1842,1817,1524,989,568,398,186,173,26534
7,Northern Territory,70420,Barkly (R),679,719,605,522,650,696,596,471,450,424,467,344,304,218,137,64,39,7,7392
7,Northern Territory,70540,Belyuen (S),5,7,20,14,16,23,14,15,15,9,16,8,5,3,3,0,0,1,174
7,Northern Territory,70620,Central Desert (R),343,410,449,302,334,336,384,285,306,267,256,174,157,77,58,27,22,21,4208
7,Northern Territory,70700,Coomalie (S),67,101,85,34,42,111,73,60,58,105,104,156,130,105,93,42,13,12,1391
7,Northern Territory,71000,Darwin (C),5745,5195,4742,4485,5440,8559,9065,7193,6039,5746,5191,5088,3995,3309,2212,1396,679,534,84613
7,Northern Territory,71300,East Arnhem (R),892,970,934,1144,974,977,959,807,718,559,444,378,282,152,86,48,19,2,10345
7,Northern Territory,72200,Katherine (T),865,822,619,612,662,1089,1107,825,602,696,660,602,512,383,242,184,77,62,10621
7,Northern Territory,72300,Litchfield (M),1294,1498,1591,1437,1635,1886,2040,2052,2102,2284,2076,1951,1414,1056,715,338,148,81,25598
7,Northern Territory,72330,MacDonnell (R),508,498,439,518,663,720,629,547,495,486,369,357,294,157,98,27,35,23,6863
7,Northern Territory,72800,Palmerston (C),3804,3197,2728,2174,2898,3833,3958,3347,2714,2418,2025,1698,1243,831,480,275,139,100,37862
7,Northern Territory,73600,Roper Gulf (R),619,778,652,675,633,735,635,492,401,466,402,293,260,169,89,58,28,12,7397
7,Northern Territory,74050,Tiwi Islands (R),197,216,254,209,226,230,238,231,210,181,199,123,107,72,33,9,9,9,2753
7,Northern Territory,74550,Victoria Daly (R),273,290,238,254,308,339,232,159,179,186,180,148,132,94,58,38,19,11,3138
7,Northern Territory,74560,Wagait (S),24,25,34,19,11,31,21,27,35,53,42,54,39,51,26,5,9,2,508
7,Northern Territory,74660,West Arnhem (R),522,639,541,552,575,681,662,468,605,481,462,299,210,97,48,31,12,17,6902
7,Northern Territory,74680,West Daly (R),331,443,366,334,307,345,395,358,175,150,168,104,108,40,18,5,2,0,3649
7,Northern Territory,79399,Unincorporated NT,499,553,488,331,400,691,688,637,525,572,528,567,355,303,152,63,16,11,7379
8,Australian Capital Territory,89399,Unincorporated ACT,28503,27791,23954,24693,34854,34732,35439,33121,28726,28290,24359,23199,19654,17378,14354,9277,6367,6269,420960
9,Other Territories,99399,Unincorp. Other Territories,236,290,269,231,202,243,325,326,292,370,329,381,347,319,193,148,71,54,4626